Dataset,Req_ID,Type,Split,PairGroupID,GoldLinkCount,DensityGroup,Code_File,Label,PairRole,SampledWithReplacement
LibEST,RQ11,FR,heldout,1,4,3-10,est_client.c,1,positive,False
LibEST,RQ11,FR,heldout,1,4,3-10,est.h,0,negative,False
LibEST,RQ11,FR,heldout,2,4,3-10,est_locl.h,1,positive,False
LibEST,RQ11,FR,heldout,2,4,3-10,est.c,0,negative,False
LibEST,RQ11,FR,heldout,3,4,3-10,est_proxy.c,1,positive,False
LibEST,RQ11,FR,heldout,3,4,3-10,est_client_proxy.h,0,negative,False
LibEST,RQ11,FR,heldout,4,4,3-10,est_server.c,1,positive,False
LibEST,RQ11,FR,heldout,4,4,3-10,est_server_http.h,0,negative,False
LibEST,RQ13-1,FR,heldout,5,7,3-10,est.c,1,positive,False
LibEST,RQ13-1,FR,heldout,5,7,3-10,est_ossl_util.h,0,negative,False
LibEST,RQ13-1,FR,heldout,6,7,3-10,est_client.c,1,positive,False
LibEST,RQ13-1,FR,heldout,6,7,3-10,est_ossl_util.c,0,negative,False
LibEST,RQ13-1,FR,heldout,7,7,3-10,est_client_http.c,1,positive,False
LibEST,RQ13-1,FR,heldout,7,7,3-10,est.h,0,negative,False
LibEST,RQ13-1,FR,heldout,8,7,3-10,est_locl.h,1,positive,False
LibEST,RQ13-1,FR,heldout,8,7,3-10,est_server_http.h,0,negative,False
LibEST,RQ13-1,FR,heldout,9,7,3-10,est_proxy.c,1,positive,False
LibEST,RQ13-1,FR,heldout,9,7,3-10,est_server_http.c,0,negative,False
LibEST,RQ13-1,FR,heldout,10,7,3-10,est_server.c,1,positive,False
LibEST,RQ13-1,FR,heldout,10,7,3-10,est_client_proxy.h,0,negative,False
LibEST,RQ13-1,FR,heldout,11,7,3-10,est_server.h,1,positive,False
LibEST,RQ13-1,FR,heldout,11,7,3-10,est_client_proxy.c,0,negative,False
LibEST,RQ13-2,NFR,heldout,12,7,3-10,est.c,1,positive,False
LibEST,RQ13-2,NFR,heldout,12,7,3-10,est_client_proxy.c,0,negative,False
LibEST,RQ13-2,NFR,heldout,13,7,3-10,est_client.c,1,positive,False
LibEST,RQ13-2,NFR,heldout,13,7,3-10,est_ossl_util.h,0,negative,False
LibEST,RQ13-2,NFR,heldout,14,7,3-10,est_client_http.c,1,positive,False
LibEST,RQ13-2,NFR,heldout,14,7,3-10,est_server_http.c,0,negative,False
LibEST,RQ13-2,NFR,heldout,15,7,3-10,est_locl.h,1,positive,False
LibEST,RQ13-2,NFR,heldout,15,7,3-10,est.h,0,negative,False
LibEST,RQ13-2,NFR,heldout,16,7,3-10,est_proxy.c,1,positive,False
LibEST,RQ13-2,NFR,heldout,16,7,3-10,est_client_proxy.h,0,negative,False
LibEST,RQ13-2,NFR,heldout,17,7,3-10,est_server.c,1,positive,False
LibEST,RQ13-2,NFR,heldout,17,7,3-10,est_ossl_util.c,0,negative,False
LibEST,RQ13-2,NFR,heldout,18,7,3-10,est_server.h,1,positive,False
LibEST,RQ13-2,NFR,heldout,18,7,3-10,est_server_http.h,0,negative,False
LibEST,RQ14,FR,heldout,19,1,1-2,est_server.c,1,positive,False
LibEST,RQ14,FR,heldout,19,1,1-2,est_server_http.c,0,negative,False
LibEST,RQ15,FR,heldout,20,4,3-10,est_locl.h,1,positive,False
LibEST,RQ15,FR,heldout,20,4,3-10,est_client_proxy.h,0,negative,False
LibEST,RQ15,FR,heldout,21,4,3-10,est_proxy.c,1,positive,False
LibEST,RQ15,FR,heldout,21,4,3-10,est_client_proxy.c,0,negative,False
LibEST,RQ15,FR,heldout,22,4,3-10,est_server.c,1,positive,False
LibEST,RQ15,FR,heldout,22,4,3-10,est_client.c,0,negative,False
LibEST,RQ15,FR,heldout,23,4,3-10,est_server_http.c,1,positive,False
LibEST,RQ15,FR,heldout,23,4,3-10,est.h,0,negative,False
LibEST,RQ16,Mixed,validation,24,8,3-10,est.c,1,positive,False
LibEST,RQ16,Mixed,validation,24,8,3-10,est_client_proxy.h,0,negative,False
LibEST,RQ16,Mixed,validation,25,8,3-10,est_client.c,1,positive,False
LibEST,RQ16,Mixed,validation,25,8,3-10,est_server.h,0,negative,False
LibEST,RQ16,Mixed,validation,26,8,3-10,est_client_http.c,1,positive,False
LibEST,RQ16,Mixed,validation,26,8,3-10,est_ossl_util.h,0,negative,False
LibEST,RQ16,Mixed,validation,27,8,3-10,est_locl.h,1,positive,False
LibEST,RQ16,Mixed,validation,27,8,3-10,est.h,0,negative,False
LibEST,RQ16,Mixed,validation,28,8,3-10,est_proxy.c,1,positive,False
LibEST,RQ16,Mixed,validation,28,8,3-10,est_client_proxy.c,0,negative,False
LibEST,RQ16,Mixed,validation,29,8,3-10,est_server.c,1,positive,False
LibEST,RQ16,Mixed,validation,29,8,3-10,est_ossl_util.c,0,negative,False
LibEST,RQ16,Mixed,validation,30,8,3-10,est_server_http.c,1,positive,False
LibEST,RQ16,Mixed,validation,30,8,3-10,est_server.h,0,negative,True
LibEST,RQ16,Mixed,validation,31,8,3-10,est_server_http.h,1,positive,False
LibEST,RQ16,Mixed,validation,31,8,3-10,est_ossl_util.c,0,negative,True
LibEST,RQ17,FR,heldout,32,5,3-10,est_client.c,1,positive,False
LibEST,RQ17,FR,heldout,32,5,3-10,est_ossl_util.h,0,negative,False
LibEST,RQ17,FR,heldout,33,5,3-10,est_locl.h,1,positive,False
LibEST,RQ17,FR,heldout,33,5,3-10,est.h,0,negative,False
LibEST,RQ17,FR,heldout,34,5,3-10,est_proxy.c,1,positive,False
LibEST,RQ17,FR,heldout,34,5,3-10,est_client_proxy.h,0,negative,False
LibEST,RQ17,FR,heldout,35,5,3-10,est_server.c,1,positive,False
LibEST,RQ17,FR,heldout,35,5,3-10,est_client_http.c,0,negative,False
LibEST,RQ17,FR,heldout,36,5,3-10,est_server.h,1,positive,False
LibEST,RQ17,FR,heldout,36,5,3-10,est_server_http.h,0,negative,False
LibEST,RQ18-1,FR,heldout,37,8,3-10,est.c,1,positive,False
LibEST,RQ18-1,FR,heldout,37,8,3-10,est_proxy.c,0,negative,False
LibEST,RQ18-1,FR,heldout,38,8,3-10,est_client.c,1,positive,False
LibEST,RQ18-1,FR,heldout,38,8,3-10,est.h,0,negative,False
LibEST,RQ18-1,FR,heldout,39,8,3-10,est_client_http.c,1,positive,False
LibEST,RQ18-1,FR,heldout,39,8,3-10,est_ossl_util.h,0,negative,False
LibEST,RQ18-1,FR,heldout,40,8,3-10,est_locl.h,1,positive,False
LibEST,RQ18-1,FR,heldout,40,8,3-10,est_client_proxy.h,0,negative,False
LibEST,RQ18-1,FR,heldout,41,8,3-10,est_server.c,1,positive,False
LibEST,RQ18-1,FR,heldout,41,8,3-10,est_ossl_util.c,0,negative,False
LibEST,RQ18-1,FR,heldout,42,8,3-10,est_server.h,1,positive,False
LibEST,RQ18-1,FR,heldout,42,8,3-10,est_client_proxy.c,0,negative,False
LibEST,RQ18-1,FR,heldout,43,8,3-10,est_server_http.c,1,positive,False
LibEST,RQ18-1,FR,heldout,43,8,3-10,est_client_proxy.h,0,negative,True
LibEST,RQ18-1,FR,heldout,44,8,3-10,est_server_http.h,1,positive,False
LibEST,RQ18-1,FR,heldout,44,8,3-10,est_client_proxy.c,0,negative,True
LibEST,RQ18-2,NFR,heldout,45,8,3-10,est.c,1,positive,False
LibEST,RQ18-2,NFR,heldout,45,8,3-10,est_client_proxy.c,0,negative,False
LibEST,RQ18-2,NFR,heldout,46,8,3-10,est_client.c,1,positive,False
LibEST,RQ18-2,NFR,heldout,46,8,3-10,est.h,0,negative,False
LibEST,RQ18-2,NFR,heldout,47,8,3-10,est_client_http.c,1,positive,False
LibEST,RQ18-2,NFR,heldout,47,8,3-10,est_ossl_util.c,0,negative,False
LibEST,RQ18-2,NFR,heldout,48,8,3-10,est_locl.h,1,positive,False
LibEST,RQ18-2,NFR,heldout,48,8,3-10,est_proxy.c,0,negative,False
LibEST,RQ18-2,NFR,heldout,49,8,3-10,est_server.c,1,positive,False
LibEST,RQ18-2,NFR,heldout,49,8,3-10,est_client_proxy.h,0,negative,False
LibEST,RQ18-2,NFR,heldout,50,8,3-10,est_server.h,1,positive,False
LibEST,RQ18-2,NFR,heldout,50,8,3-10,est_ossl_util.h,0,negative,False
LibEST,RQ18-2,NFR,heldout,51,8,3-10,est_server_http.c,1,positive,False
LibEST,RQ18-2,NFR,heldout,51,8,3-10,est_client_proxy.c,0,negative,True
LibEST,RQ18-2,NFR,heldout,52,8,3-10,est_server_http.h,1,positive,False
LibEST,RQ18-2,NFR,heldout,52,8,3-10,est_proxy.c,0,negative,True
LibEST,RQ19,FR,heldout,53,5,3-10,est_client.c,1,positive,False
LibEST,RQ19,FR,heldout,53,5,3-10,est_client_http.c,0,negative,False
LibEST,RQ19,FR,heldout,54,5,3-10,est_locl.h,1,positive,False
LibEST,RQ19,FR,heldout,54,5,3-10,est_ossl_util.c,0,negative,False
LibEST,RQ19,FR,heldout,55,5,3-10,est_proxy.c,1,positive,False
LibEST,RQ19,FR,heldout,55,5,3-10,est_server_http.h,0,negative,False
LibEST,RQ19,FR,heldout,56,5,3-10,est_server.c,1,positive,False
LibEST,RQ19,FR,heldout,56,5,3-10,est.h,0,negative,False
LibEST,RQ19,FR,heldout,57,5,3-10,est_server.h,1,positive,False
LibEST,RQ19,FR,heldout,57,5,3-10,est_ossl_util.h,0,negative,False
LibEST,RQ20-1,FR,heldout,58,3,3-10,est_client.c,1,positive,False
LibEST,RQ20-1,FR,heldout,58,3,3-10,est_server.h,0,negative,False
LibEST,RQ20-1,FR,heldout,59,3,3-10,est_locl.h,1,positive,False
LibEST,RQ20-1,FR,heldout,59,3,3-10,est_client_proxy.c,0,negative,False
LibEST,RQ20-1,FR,heldout,60,3,3-10,est_server.c,1,positive,False
LibEST,RQ20-1,FR,heldout,60,3,3-10,est_client_http.c,0,negative,False
LibEST,RQ20-2,NFR,heldout,61,3,3-10,est_client.c,1,positive,False
LibEST,RQ20-2,NFR,heldout,61,3,3-10,est.c,0,negative,False
LibEST,RQ20-2,NFR,heldout,62,3,3-10,est_locl.h,1,positive,False
LibEST,RQ20-2,NFR,heldout,62,3,3-10,est_client_proxy.c,0,negative,False
LibEST,RQ20-2,NFR,heldout,63,3,3-10,est_server.c,1,positive,False
LibEST,RQ20-2,NFR,heldout,63,3,3-10,est_server_http.h,0,negative,False
LibEST,RQ21,NFR,heldout,64,1,1-2,est_client.c,1,positive,False
LibEST,RQ21,NFR,heldout,64,1,1-2,est_client_proxy.c,0,negative,False
LibEST,RQ22,NFR,heldout,65,1,1-2,est_client.c,1,positive,False
LibEST,RQ22,NFR,heldout,65,1,1-2,est_server.c,0,negative,False
LibEST,RQ23,NFR,heldout,66,2,1-2,est_client.c,1,positive,False
LibEST,RQ23,NFR,heldout,66,2,1-2,est_server_http.c,0,negative,False
LibEST,RQ23,NFR,heldout,67,2,1-2,est_locl.h,1,positive,False
LibEST,RQ23,NFR,heldout,67,2,1-2,est_ossl_util.h,0,negative,False
LibEST,RQ24,NFR,heldout,68,3,3-10,est_client.c,1,positive,False
LibEST,RQ24,NFR,heldout,68,3,3-10,est_server_http.h,0,negative,False
LibEST,RQ24,NFR,heldout,69,3,3-10,est_locl.h,1,positive,False
LibEST,RQ24,NFR,heldout,69,3,3-10,est.h,0,negative,False
LibEST,RQ24,NFR,heldout,70,3,3-10,est_server.c,1,positive,False
LibEST,RQ24,NFR,heldout,70,3,3-10,est_server.h,0,negative,False
LibEST,RQ25-1,FR,heldout,71,5,3-10,est.c,1,positive,False
LibEST,RQ25-1,FR,heldout,71,5,3-10,est_client_proxy.c,0,negative,False
LibEST,RQ25-1,FR,heldout,72,5,3-10,est_client.c,1,positive,False
LibEST,RQ25-1,FR,heldout,72,5,3-10,est_server_http.c,0,negative,False
LibEST,RQ25-1,FR,heldout,73,5,3-10,est_locl.h,1,positive,False
LibEST,RQ25-1,FR,heldout,73,5,3-10,est.h,0,negative,False
LibEST,RQ25-1,FR,heldout,74,5,3-10,est_server.c,1,positive,False
LibEST,RQ25-1,FR,heldout,74,5,3-10,est_ossl_util.h,0,negative,False
LibEST,RQ25-1,FR,heldout,75,5,3-10,est_server.h,1,positive,False
LibEST,RQ25-1,FR,heldout,75,5,3-10,est_server_http.h,0,negative,False
LibEST,RQ25-2,NFR,validation,76,5,3-10,est.c,1,positive,False
LibEST,RQ25-2,NFR,validation,76,5,3-10,est_ossl_util.c,0,negative,False
LibEST,RQ25-2,NFR,validation,77,5,3-10,est_client.c,1,positive,False
LibEST,RQ25-2,NFR,validation,77,5,3-10,est_client_proxy.h,0,negative,False
LibEST,RQ25-2,NFR,validation,78,5,3-10,est_locl.h,1,positive,False
LibEST,RQ25-2,NFR,validation,78,5,3-10,est_client_http.c,0,negative,False
LibEST,RQ25-2,NFR,validation,79,5,3-10,est_server.c,1,positive,False
LibEST,RQ25-2,NFR,validation,79,5,3-10,est_client_proxy.c,0,negative,False
LibEST,RQ25-2,NFR,validation,80,5,3-10,est_server.h,1,positive,False
LibEST,RQ25-2,NFR,validation,80,5,3-10,est_proxy.c,0,negative,False
LibEST,RQ26,NFR,heldout,81,8,3-10,est.c,1,positive,False
LibEST,RQ26,NFR,heldout,81,8,3-10,est_ossl_util.c,0,negative,False
LibEST,RQ26,NFR,heldout,82,8,3-10,est_client.c,1,positive,False
LibEST,RQ26,NFR,heldout,82,8,3-10,est.h,0,negative,False
LibEST,RQ26,NFR,heldout,83,8,3-10,est_client_http.c,1,positive,False
LibEST,RQ26,NFR,heldout,83,8,3-10,est_ossl_util.h,0,negative,False
LibEST,RQ26,NFR,heldout,84,8,3-10,est_locl.h,1,positive,False
LibEST,RQ26,NFR,heldout,84,8,3-10,est_client_proxy.c,0,negative,False
LibEST,RQ26,NFR,heldout,85,8,3-10,est_proxy.c,1,positive,False
LibEST,RQ26,NFR,heldout,85,8,3-10,est_client_proxy.h,0,negative,False
LibEST,RQ26,NFR,heldout,86,8,3-10,est_server.c,1,positive,False
LibEST,RQ26,NFR,heldout,86,8,3-10,est_server.h,0,negative,False
LibEST,RQ26,NFR,heldout,87,8,3-10,est_server_http.c,1,positive,False
LibEST,RQ26,NFR,heldout,87,8,3-10,est_client_proxy.h,0,negative,True
LibEST,RQ26,NFR,heldout,88,8,3-10,est_server_http.h,1,positive,False
LibEST,RQ26,NFR,heldout,88,8,3-10,est_server.h,0,negative,True
LibEST,RQ27,NFR,heldout,89,2,1-2,est_client.c,1,positive,False
LibEST,RQ27,NFR,heldout,89,2,1-2,est_client_proxy.c,0,negative,False
LibEST,RQ27,NFR,heldout,90,2,1-2,est_server.c,1,positive,False
LibEST,RQ27,NFR,heldout,90,2,1-2,est_server.h,0,negative,False
LibEST,RQ28,NFR,heldout,91,1,1-2,est_client.c,1,positive,False
LibEST,RQ28,NFR,heldout,91,1,1-2,est_proxy.c,0,negative,False
LibEST,RQ29,FR,heldout,92,5,3-10,est.c,1,positive,False
LibEST,RQ29,FR,heldout,92,5,3-10,est_server_http.c,0,negative,False
LibEST,RQ29,FR,heldout,93,5,3-10,est_client.c,1,positive,False
LibEST,RQ29,FR,heldout,93,5,3-10,est_server_http.h,0,negative,False
LibEST,RQ29,FR,heldout,94,5,3-10,est_locl.h,1,positive,False
LibEST,RQ29,FR,heldout,94,5,3-10,est.h,0,negative,False
LibEST,RQ29,FR,heldout,95,5,3-10,est_proxy.c,1,positive,False
LibEST,RQ29,FR,heldout,95,5,3-10,est_client_http.c,0,negative,False
LibEST,RQ29,FR,heldout,96,5,3-10,est_server.c,1,positive,False
LibEST,RQ29,FR,heldout,96,5,3-10,est_ossl_util.h,0,negative,False
LibEST,RQ31,FR,heldout,97,1,1-2,est_server.c,1,positive,False
LibEST,RQ31,FR,heldout,97,1,1-2,est_proxy.c,0,negative,False
LibEST,RQ32-1,FR,heldout,98,9,3-10,est.c,1,positive,False
LibEST,RQ32-1,FR,heldout,98,9,3-10,est_client_proxy.h,0,negative,False
LibEST,RQ32-1,FR,heldout,99,9,3-10,est_client.c,1,positive,False
LibEST,RQ32-1,FR,heldout,99,9,3-10,est.h,0,negative,False
LibEST,RQ32-1,FR,heldout,100,9,3-10,est_client_http.c,1,positive,False
LibEST,RQ32-1,FR,heldout,100,9,3-10,est_ossl_util.h,0,negative,False
LibEST,RQ32-1,FR,heldout,101,9,3-10,est_locl.h,1,positive,False
LibEST,RQ32-1,FR,heldout,101,9,3-10,est_ossl_util.c,0,negative,False
LibEST,RQ32-1,FR,heldout,102,9,3-10,est_proxy.c,1,positive,False
LibEST,RQ32-1,FR,heldout,102,9,3-10,est_client_proxy.c,0,negative,False
LibEST,RQ32-1,FR,heldout,103,9,3-10,est_server.c,1,positive,False
LibEST,RQ32-1,FR,heldout,103,9,3-10,est_ossl_util.h,0,negative,True
LibEST,RQ32-1,FR,heldout,104,9,3-10,est_server.h,1,positive,False
LibEST,RQ32-1,FR,heldout,104,9,3-10,est.h,0,negative,True
LibEST,RQ32-1,FR,heldout,105,9,3-10,est_server_http.c,1,positive,False
LibEST,RQ32-1,FR,heldout,105,9,3-10,est_ossl_util.c,0,negative,True
LibEST,RQ32-1,FR,heldout,106,9,3-10,est_server_http.h,1,positive,False
LibEST,RQ32-1,FR,heldout,106,9,3-10,est_client_proxy.h,0,negative,True
LibEST,RQ32-2,NFR,heldout,107,9,3-10,est.c,1,positive,False
LibEST,RQ32-2,NFR,heldout,107,9,3-10,est_client_proxy.c,0,negative,False
LibEST,RQ32-2,NFR,heldout,108,9,3-10,est_client.c,1,positive,False
LibEST,RQ32-2,NFR,heldout,108,9,3-10,est_ossl_util.c,0,negative,False
LibEST,RQ32-2,NFR,heldout,109,9,3-10,est_client_http.c,1,positive,False
LibEST,RQ32-2,NFR,heldout,109,9,3-10,est.h,0,negative,False
LibEST,RQ32-2,NFR,heldout,110,9,3-10,est_locl.h,1,positive,False
LibEST,RQ32-2,NFR,heldout,110,9,3-10,est_ossl_util.h,0,negative,False
LibEST,RQ32-2,NFR,heldout,111,9,3-10,est_proxy.c,1,positive,False
LibEST,RQ32-2,NFR,heldout,111,9,3-10,est_client_proxy.h,0,negative,False
LibEST,RQ32-2,NFR,heldout,112,9,3-10,est_server.c,1,positive,False
LibEST,RQ32-2,NFR,heldout,112,9,3-10,est_ossl_util.c,0,negative,True
LibEST,RQ32-2,NFR,heldout,113,9,3-10,est_server.h,1,positive,False
LibEST,RQ32-2,NFR,heldout,113,9,3-10,est_ossl_util.h,0,negative,True
LibEST,RQ32-2,NFR,heldout,114,9,3-10,est_server_http.c,1,positive,False
LibEST,RQ32-2,NFR,heldout,114,9,3-10,est_client_proxy.h,0,negative,True
LibEST,RQ32-2,NFR,heldout,115,9,3-10,est_server_http.h,1,positive,False
LibEST,RQ32-2,NFR,heldout,115,9,3-10,est_client_proxy.h,0,negative,True
LibEST,RQ33-1,FR,validation,116,6,3-10,est_client.c,1,positive,False
LibEST,RQ33-1,FR,validation,116,6,3-10,est_ossl_util.h,0,negative,False
LibEST,RQ33-1,FR,validation,117,6,3-10,est_locl.h,1,positive,False
LibEST,RQ33-1,FR,validation,117,6,3-10,est_client_http.c,0,negative,False
LibEST,RQ33-1,FR,validation,118,6,3-10,est_proxy.c,1,positive,False
LibEST,RQ33-1,FR,validation,118,6,3-10,est_client_proxy.c,0,negative,False
LibEST,RQ33-1,FR,validation,119,6,3-10,est_server.c,1,positive,False
LibEST,RQ33-1,FR,validation,119,6,3-10,est_ossl_util.c,0,negative,False
LibEST,RQ33-1,FR,validation,120,6,3-10,est_server.h,1,positive,False
LibEST,RQ33-1,FR,validation,120,6,3-10,est_client_proxy.h,0,negative,False
LibEST,RQ33-1,FR,validation,121,6,3-10,est_server_http.c,1,positive,False
LibEST,RQ33-1,FR,validation,121,6,3-10,est_server_http.h,0,negative,False
LibEST,RQ33-2,NFR,heldout,122,6,3-10,est_client.c,1,positive,False
LibEST,RQ33-2,NFR,heldout,122,6,3-10,est.h,0,negative,False
LibEST,RQ33-2,NFR,heldout,123,6,3-10,est_locl.h,1,positive,False
LibEST,RQ33-2,NFR,heldout,123,6,3-10,est.c,0,negative,False
LibEST,RQ33-2,NFR,heldout,124,6,3-10,est_proxy.c,1,positive,False
LibEST,RQ33-2,NFR,heldout,124,6,3-10,est_client_proxy.c,0,negative,False
LibEST,RQ33-2,NFR,heldout,125,6,3-10,est_server.c,1,positive,False
LibEST,RQ33-2,NFR,heldout,125,6,3-10,est_client_http.c,0,negative,False
LibEST,RQ33-2,NFR,heldout,126,6,3-10,est_server.h,1,positive,False
LibEST,RQ33-2,NFR,heldout,126,6,3-10,est_ossl_util.h,0,negative,False
LibEST,RQ33-2,NFR,heldout,127,6,3-10,est_server_http.c,1,positive,False
LibEST,RQ33-2,NFR,heldout,127,6,3-10,est_ossl_util.c,0,negative,False
LibEST,RQ34,FR,heldout,128,7,3-10,est.c,1,positive,False
LibEST,RQ34,FR,heldout,128,7,3-10,est_client_http.c,0,negative,False
LibEST,RQ34,FR,heldout,129,7,3-10,est_client.c,1,positive,False
LibEST,RQ34,FR,heldout,129,7,3-10,est_ossl_util.h,0,negative,False
LibEST,RQ34,FR,heldout,130,7,3-10,est_locl.h,1,positive,False
LibEST,RQ34,FR,heldout,130,7,3-10,est_client_proxy.h,0,negative,False
LibEST,RQ34,FR,heldout,131,7,3-10,est_ossl_util.c,1,positive,False
LibEST,RQ34,FR,heldout,131,7,3-10,est_server_http.h,0,negative,False
LibEST,RQ34,FR,heldout,132,7,3-10,est_proxy.c,1,positive,False
LibEST,RQ34,FR,heldout,132,7,3-10,est_server_http.c,0,negative,False
LibEST,RQ34,FR,heldout,133,7,3-10,est_server.c,1,positive,False
LibEST,RQ34,FR,heldout,133,7,3-10,est.h,0,negative,False
LibEST,RQ34,FR,heldout,134,7,3-10,est_server.h,1,positive,False
LibEST,RQ34,FR,heldout,134,7,3-10,est_client_proxy.c,0,negative,False
LibEST,RQ35-1,FR,heldout,135,3,3-10,est_client.c,1,positive,False
LibEST,RQ35-1,FR,heldout,135,3,3-10,est_client_proxy.h,0,negative,False
LibEST,RQ35-1,FR,heldout,136,3,3-10,est_server.c,1,positive,False
LibEST,RQ35-1,FR,heldout,136,3,3-10,est_ossl_util.h,0,negative,False
LibEST,RQ35-1,FR,heldout,137,3,3-10,est_server_http.c,1,positive,False
LibEST,RQ35-1,FR,heldout,137,3,3-10,est_client_proxy.c,0,negative,False
LibEST,RQ35-2,NFR,validation,138,3,3-10,est_client.c,1,positive,False
LibEST,RQ35-2,NFR,validation,138,3,3-10,est.h,0,negative,False
LibEST,RQ35-2,NFR,validation,139,3,3-10,est_server.c,1,positive,False
LibEST,RQ35-2,NFR,validation,139,3,3-10,est_client_proxy.c,0,negative,False
LibEST,RQ35-2,NFR,validation,140,3,3-10,est_server_http.c,1,positive,False
LibEST,RQ35-2,NFR,validation,140,3,3-10,est_client_http.c,0,negative,False
LibEST,RQ36-1,FR,heldout,141,6,3-10,est.c,1,positive,False
LibEST,RQ36-1,FR,heldout,141,6,3-10,est_server_http.c,0,negative,False
LibEST,RQ36-1,FR,heldout,142,6,3-10,est_client.c,1,positive,False
LibEST,RQ36-1,FR,heldout,142,6,3-10,est.h,0,negative,False
LibEST,RQ36-1,FR,heldout,143,6,3-10,est_locl.h,1,positive,False
LibEST,RQ36-1,FR,heldout,143,6,3-10,est_client_proxy.h,0,negative,False
LibEST,RQ36-1,FR,heldout,144,6,3-10,est_proxy.c,1,positive,False
LibEST,RQ36-1,FR,heldout,144,6,3-10,est_client_proxy.c,0,negative,False
LibEST,RQ36-1,FR,heldout,145,6,3-10,est_server.c,1,positive,False
LibEST,RQ36-1,FR,heldout,145,6,3-10,est_ossl_util.h,0,negative,False
LibEST,RQ36-1,FR,heldout,146,6,3-10,est_server.h,1,positive,False
LibEST,RQ36-1,FR,heldout,146,6,3-10,est_client_http.c,0,negative,False
LibEST,RQ36-2,NFR,validation,147,6,3-10,est.c,1,positive,False
LibEST,RQ36-2,NFR,validation,147,6,3-10,est_server_http.h,0,negative,False
LibEST,RQ36-2,NFR,validation,148,6,3-10,est_client.c,1,positive,False
LibEST,RQ36-2,NFR,validation,148,6,3-10,est_client_http.c,0,negative,False
LibEST,RQ36-2,NFR,validation,149,6,3-10,est_locl.h,1,positive,False
LibEST,RQ36-2,NFR,validation,149,6,3-10,est_server_http.c,0,negative,False
LibEST,RQ36-2,NFR,validation,150,6,3-10,est_proxy.c,1,positive,False
LibEST,RQ36-2,NFR,validation,150,6,3-10,est_client_proxy.c,0,negative,False
LibEST,RQ36-2,NFR,validation,151,6,3-10,est_server.c,1,positive,False
LibEST,RQ36-2,NFR,validation,151,6,3-10,est_ossl_util.h,0,negative,False
LibEST,RQ36-2,NFR,validation,152,6,3-10,est_server.h,1,positive,False
LibEST,RQ36-2,NFR,validation,152,6,3-10,est.h,0,negative,False
LibEST,RQ37,FR,heldout,153,4,3-10,est_client.c,1,positive,False
LibEST,RQ37,FR,heldout,153,4,3-10,est_locl.h,0,negative,False
LibEST,RQ37,FR,heldout,154,4,3-10,est_proxy.c,1,positive,False
LibEST,RQ37,FR,heldout,154,4,3-10,est.c,0,negative,False
LibEST,RQ37,FR,heldout,155,4,3-10,est_server.c,1,positive,False
LibEST,RQ37,FR,heldout,155,4,3-10,est_server.h,0,negative,False
LibEST,RQ37,FR,heldout,156,4,3-10,est_server_http.c,1,positive,False
LibEST,RQ37,FR,heldout,156,4,3-10,est_client_proxy.h,0,negative,False
LibEST,RQ38,FR,heldout,157,6,3-10,est_client.c,1,positive,False
LibEST,RQ38,FR,heldout,157,6,3-10,est_client_proxy.c,0,negative,False
LibEST,RQ38,FR,heldout,158,6,3-10,est_client_http.c,1,positive,False
LibEST,RQ38,FR,heldout,158,6,3-10,est.c,0,negative,False
LibEST,RQ38,FR,heldout,159,6,3-10,est_locl.h,1,positive,False
LibEST,RQ38,FR,heldout,159,6,3-10,est_ossl_util.c,0,negative,False
LibEST,RQ38,FR,heldout,160,6,3-10,est_proxy.c,1,positive,False
LibEST,RQ38,FR,heldout,160,6,3-10,est_server.h,0,negative,False
LibEST,RQ38,FR,heldout,161,6,3-10,est_server.c,1,positive,False
LibEST,RQ38,FR,heldout,161,6,3-10,est.h,0,negative,False
LibEST,RQ38,FR,heldout,162,6,3-10,est_server_http.c,1,positive,False
LibEST,RQ38,FR,heldout,162,6,3-10,est_client_proxy.h,0,negative,False
LibEST,RQ39,FR,heldout,163,4,3-10,est.c,1,positive,False
LibEST,RQ39,FR,heldout,163,4,3-10,est_server_http.h,0,negative,False
LibEST,RQ39,FR,heldout,164,4,3-10,est_locl.h,1,positive,False
LibEST,RQ39,FR,heldout,164,4,3-10,est_client_proxy.c,0,negative,False
LibEST,RQ39,FR,heldout,165,4,3-10,est_proxy.c,1,positive,False
LibEST,RQ39,FR,heldout,165,4,3-10,est.h,0,negative,False
LibEST,RQ39,FR,heldout,166,4,3-10,est_server_http.c,1,positive,False
LibEST,RQ39,FR,heldout,166,4,3-10,est_client_proxy.h,0,negative,False
LibEST,RQ4-1,FR,heldout,167,6,3-10,est.c,1,positive,False
LibEST,RQ4-1,FR,heldout,167,6,3-10,est_server.h,0,negative,False
LibEST,RQ4-1,FR,heldout,168,6,3-10,est_client.c,1,positive,False
LibEST,RQ4-1,FR,heldout,168,6,3-10,est_client_http.c,0,negative,False
LibEST,RQ4-1,FR,heldout,169,6,3-10,est_ossl_util.c,1,positive,False
LibEST,RQ4-1,FR,heldout,169,6,3-10,est_client_proxy.c,0,negative,False
LibEST,RQ4-1,FR,heldout,170,6,3-10,est_ossl_util.h,1,positive,False
LibEST,RQ4-1,FR,heldout,170,6,3-10,est_client_proxy.h,0,negative,False
LibEST,RQ4-1,FR,heldout,171,6,3-10,est_proxy.c,1,positive,False
LibEST,RQ4-1,FR,heldout,171,6,3-10,est_server_http.c,0,negative,False
LibEST,RQ4-1,FR,heldout,172,6,3-10,est_server.c,1,positive,False
LibEST,RQ4-1,FR,heldout,172,6,3-10,est_server_http.h,0,negative,False
LibEST,RQ4-2,NFR,heldout,173,6,3-10,est.c,1,positive,False
LibEST,RQ4-2,NFR,heldout,173,6,3-10,est_server_http.h,0,negative,False
LibEST,RQ4-2,NFR,heldout,174,6,3-10,est_client.c,1,positive,False
LibEST,RQ4-2,NFR,heldout,174,6,3-10,est_client_proxy.c,0,negative,False
LibEST,RQ4-2,NFR,heldout,175,6,3-10,est_ossl_util.c,1,positive,False
LibEST,RQ4-2,NFR,heldout,175,6,3-10,est.h,0,negative,False
LibEST,RQ4-2,NFR,heldout,176,6,3-10,est_ossl_util.h,1,positive,False
LibEST,RQ4-2,NFR,heldout,176,6,3-10,est_server.h,0,negative,False
LibEST,RQ4-2,NFR,heldout,177,6,3-10,est_proxy.c,1,positive,False
LibEST,RQ4-2,NFR,heldout,177,6,3-10,est_client_proxy.h,0,negative,False
LibEST,RQ4-2,NFR,heldout,178,6,3-10,est_server.c,1,positive,False
LibEST,RQ4-2,NFR,heldout,178,6,3-10,est_server_http.c,0,negative,False
LibEST,RQ40,FR,heldout,179,5,3-10,est.c,1,positive,False
LibEST,RQ40,FR,heldout,179,5,3-10,est_client_http.c,0,negative,False
LibEST,RQ40,FR,heldout,180,5,3-10,est_client.c,1,positive,False
LibEST,RQ40,FR,heldout,180,5,3-10,est_client_proxy.h,0,negative,False
LibEST,RQ40,FR,heldout,181,5,3-10,est_locl.h,1,positive,False
LibEST,RQ40,FR,heldout,181,5,3-10,est_ossl_util.h,0,negative,False
LibEST,RQ40,FR,heldout,182,5,3-10,est_ossl_util.c,1,positive,False
LibEST,RQ40,FR,heldout,182,5,3-10,est_client_proxy.c,0,negative,False
LibEST,RQ40,FR,heldout,183,5,3-10,est_server.c,1,positive,False
LibEST,RQ40,FR,heldout,183,5,3-10,est_server_http.h,0,negative,False
LibEST,RQ41,FR,heldout,184,4,3-10,est.c,1,positive,False
LibEST,RQ41,FR,heldout,184,4,3-10,est_proxy.c,0,negative,False
LibEST,RQ41,FR,heldout,185,4,3-10,est_client.c,1,positive,False
LibEST,RQ41,FR,heldout,185,4,3-10,est_ossl_util.h,0,negative,False
LibEST,RQ41,FR,heldout,186,4,3-10,est_locl.h,1,positive,False
LibEST,RQ41,FR,heldout,186,4,3-10,est_client_proxy.c,0,negative,False
LibEST,RQ41,FR,heldout,187,4,3-10,est_ossl_util.c,1,positive,False
LibEST,RQ41,FR,heldout,187,4,3-10,est_client_proxy.h,0,negative,False
LibEST,RQ42-1,FR,heldout,188,4,3-10,est.c,1,positive,False
LibEST,RQ42-1,FR,heldout,188,4,3-10,est_client.c,0,negative,False
LibEST,RQ42-1,FR,heldout,189,4,3-10,est_locl.h,1,positive,False
LibEST,RQ42-1,FR,heldout,189,4,3-10,est_client_http.c,0,negative,False
LibEST,RQ42-1,FR,heldout,190,4,3-10,est_proxy.c,1,positive,False
LibEST,RQ42-1,FR,heldout,190,4,3-10,est_client_proxy.h,0,negative,False
LibEST,RQ42-1,FR,heldout,191,4,3-10,est_server_http.c,1,positive,False
LibEST,RQ42-1,FR,heldout,191,4,3-10,est.h,0,negative,False
LibEST,RQ42-2,NFR,heldout,192,4,3-10,est.c,1,positive,False
LibEST,RQ42-2,NFR,heldout,192,4,3-10,est_server_http.h,0,negative,False
LibEST,RQ42-2,NFR,heldout,193,4,3-10,est_locl.h,1,positive,False
LibEST,RQ42-2,NFR,heldout,193,4,3-10,est_client_proxy.c,0,negative,False
LibEST,RQ42-2,NFR,heldout,194,4,3-10,est_proxy.c,1,positive,False
LibEST,RQ42-2,NFR,heldout,194,4,3-10,est_ossl_util.c,0,negative,False
LibEST,RQ42-2,NFR,heldout,195,4,3-10,est_server_http.c,1,positive,False
LibEST,RQ42-2,NFR,heldout,195,4,3-10,est_client.c,0,negative,False
LibEST,RQ45,FR,heldout,196,1,1-2,est_server.c,1,positive,False
LibEST,RQ45,FR,heldout,196,1,1-2,est.h,0,negative,False
LibEST,RQ46-1,FR,heldout,197,5,3-10,est.c,1,positive,False
LibEST,RQ46-1,FR,heldout,197,5,3-10,est_server_http.h,0,negative,False
LibEST,RQ46-1,FR,heldout,198,5,3-10,est_locl.h,1,positive,False
LibEST,RQ46-1,FR,heldout,198,5,3-10,est_server.h,0,negative,False
LibEST,RQ46-1,FR,heldout,199,5,3-10,est_ossl_util.c,1,positive,False
LibEST,RQ46-1,FR,heldout,199,5,3-10,est_client_proxy.h,0,negative,False
LibEST,RQ46-1,FR,heldout,200,5,3-10,est_proxy.c,1,positive,False
LibEST,RQ46-1,FR,heldout,200,5,3-10,est.h,0,negative,False
LibEST,RQ46-1,FR,heldout,201,5,3-10,est_server.c,1,positive,False
LibEST,RQ46-1,FR,heldout,201,5,3-10,est_ossl_util.h,0,negative,False
LibEST,RQ46-2,NFR,heldout,202,5,3-10,est.c,1,positive,False
LibEST,RQ46-2,NFR,heldout,202,5,3-10,est_server_http.h,0,negative,False
LibEST,RQ46-2,NFR,heldout,203,5,3-10,est_locl.h,1,positive,False
LibEST,RQ46-2,NFR,heldout,203,5,3-10,est.h,0,negative,False
LibEST,RQ46-2,NFR,heldout,204,5,3-10,est_ossl_util.c,1,positive,False
LibEST,RQ46-2,NFR,heldout,204,5,3-10,est_server.h,0,negative,False
LibEST,RQ46-2,NFR,heldout,205,5,3-10,est_proxy.c,1,positive,False
LibEST,RQ46-2,NFR,heldout,205,5,3-10,est_client_http.c,0,negative,False
LibEST,RQ46-2,NFR,heldout,206,5,3-10,est_server.c,1,positive,False
LibEST,RQ46-2,NFR,heldout,206,5,3-10,est_client_proxy.h,0,negative,False
LibEST,RQ47,FR,heldout,207,4,3-10,est.c,1,positive,False
LibEST,RQ47,FR,heldout,207,4,3-10,est.h,0,negative,False
LibEST,RQ47,FR,heldout,208,4,3-10,est_client.c,1,positive,False
LibEST,RQ47,FR,heldout,208,4,3-10,est_locl.h,0,negative,False
LibEST,RQ47,FR,heldout,209,4,3-10,est_server.c,1,positive,False
LibEST,RQ47,FR,heldout,209,4,3-10,est_ossl_util.c,0,negative,False
LibEST,RQ47,FR,heldout,210,4,3-10,est_server_http.c,1,positive,False
LibEST,RQ47,FR,heldout,210,4,3-10,est_ossl_util.h,0,negative,False
LibEST,RQ48,FR,heldout,211,4,3-10,est_client.c,1,positive,False
LibEST,RQ48,FR,heldout,211,4,3-10,est.h,0,negative,False
LibEST,RQ48,FR,heldout,212,4,3-10,est_proxy.c,1,positive,False
LibEST,RQ48,FR,heldout,212,4,3-10,est_locl.h,0,negative,False
LibEST,RQ48,FR,heldout,213,4,3-10,est_server.c,1,positive,False
LibEST,RQ48,FR,heldout,213,4,3-10,est_ossl_util.c,0,negative,False
LibEST,RQ48,FR,heldout,214,4,3-10,est_server_http.c,1,positive,False
LibEST,RQ48,FR,heldout,214,4,3-10,est_client_proxy.h,0,negative,False
LibEST,RQ49,FR,heldout,215,5,3-10,est.c,1,positive,False
LibEST,RQ49,FR,heldout,215,5,3-10,est_proxy.c,0,negative,False
LibEST,RQ49,FR,heldout,216,5,3-10,est_client.c,1,positive,False
LibEST,RQ49,FR,heldout,216,5,3-10,est.h,0,negative,False
LibEST,RQ49,FR,heldout,217,5,3-10,est_locl.h,1,positive,False
LibEST,RQ49,FR,heldout,217,5,3-10,est_client_http.c,0,negative,False
LibEST,RQ49,FR,heldout,218,5,3-10,est_server.c,1,positive,False
LibEST,RQ49,FR,heldout,218,5,3-10,est_ossl_util.h,0,negative,False
LibEST,RQ49,FR,heldout,219,5,3-10,est_server.h,1,positive,False
LibEST,RQ49,FR,heldout,219,5,3-10,est_client_proxy.c,0,negative,False
LibEST,RQ5-1,FR,heldout,220,3,3-10,est_client.c,1,positive,False
LibEST,RQ5-1,FR,heldout,220,3,3-10,est_client_proxy.h,0,negative,False
LibEST,RQ5-1,FR,heldout,221,3,3-10,est_locl.h,1,positive,False
LibEST,RQ5-1,FR,heldout,221,3,3-10,est_client_http.c,0,negative,False
LibEST,RQ5-1,FR,heldout,222,3,3-10,est_proxy.c,1,positive,False
LibEST,RQ5-1,FR,heldout,222,3,3-10,est.h,0,negative,False
LibEST,RQ5-2,NFR,heldout,223,3,3-10,est_client.c,1,positive,False
LibEST,RQ5-2,NFR,heldout,223,3,3-10,est_ossl_util.c,0,negative,False
LibEST,RQ5-2,NFR,heldout,224,3,3-10,est_locl.h,1,positive,False
LibEST,RQ5-2,NFR,heldout,224,3,3-10,est_client_proxy.h,0,negative,False
LibEST,RQ5-2,NFR,heldout,225,3,3-10,est_proxy.c,1,positive,False
LibEST,RQ5-2,NFR,heldout,225,3,3-10,est_client_proxy.c,0,negative,False
LibEST,RQ50,FR,heldout,226,3,3-10,est_client.c,1,positive,False
LibEST,RQ50,FR,heldout,226,3,3-10,est.h,0,negative,False
LibEST,RQ50,FR,heldout,227,3,3-10,est_proxy.c,1,positive,False
LibEST,RQ50,FR,heldout,227,3,3-10,est_client_proxy.h,0,negative,False
LibEST,RQ50,FR,heldout,228,3,3-10,est_server.c,1,positive,False
LibEST,RQ50,FR,heldout,228,3,3-10,est_locl.h,0,negative,False
LibEST,RQ51,NFR,heldout,229,6,3-10,est.c,1,positive,False
LibEST,RQ51,NFR,heldout,229,6,3-10,est_client_proxy.c,0,negative,False
LibEST,RQ51,NFR,heldout,230,6,3-10,est_client.c,1,positive,False
LibEST,RQ51,NFR,heldout,230,6,3-10,est_ossl_util.c,0,negative,False
LibEST,RQ51,NFR,heldout,231,6,3-10,est_locl.h,1,positive,False
LibEST,RQ51,NFR,heldout,231,6,3-10,est_server_http.h,0,negative,False
LibEST,RQ51,NFR,heldout,232,6,3-10,est_proxy.c,1,positive,False
LibEST,RQ51,NFR,heldout,232,6,3-10,est.h,0,negative,False
LibEST,RQ51,NFR,heldout,233,6,3-10,est_server.c,1,positive,False
LibEST,RQ51,NFR,heldout,233,6,3-10,est_server.h,0,negative,False
LibEST,RQ51,NFR,heldout,234,6,3-10,est_server_http.c,1,positive,False
LibEST,RQ51,NFR,heldout,234,6,3-10,est_ossl_util.h,0,negative,False
LibEST,RQ55,FR,heldout,235,6,3-10,est.c,1,positive,False
LibEST,RQ55,FR,heldout,235,6,3-10,est_ossl_util.h,0,negative,False
LibEST,RQ55,FR,heldout,236,6,3-10,est_client.c,1,positive,False
LibEST,RQ55,FR,heldout,236,6,3-10,est_server_http.h,0,negative,False
LibEST,RQ55,FR,heldout,237,6,3-10,est_locl.h,1,positive,False
LibEST,RQ55,FR,heldout,237,6,3-10,est_client_proxy.c,0,negative,False
LibEST,RQ55,FR,heldout,238,6,3-10,est_proxy.c,1,positive,False
LibEST,RQ55,FR,heldout,238,6,3-10,est_client_proxy.h,0,negative,False
LibEST,RQ55,FR,heldout,239,6,3-10,est_server.c,1,positive,False
LibEST,RQ55,FR,heldout,239,6,3-10,est.h,0,negative,False
LibEST,RQ55,FR,heldout,240,6,3-10,est_server.h,1,positive,False
LibEST,RQ55,FR,heldout,240,6,3-10,est_client_http.c,0,negative,False
LibEST,RQ56,FR,heldout,241,5,3-10,est.c,1,positive,False
LibEST,RQ56,FR,heldout,241,5,3-10,est_ossl_util.c,0,negative,False
LibEST,RQ56,FR,heldout,242,5,3-10,est_client.c,1,positive,False
LibEST,RQ56,FR,heldout,242,5,3-10,est.h,0,negative,False
LibEST,RQ56,FR,heldout,243,5,3-10,est_locl.h,1,positive,False
LibEST,RQ56,FR,heldout,243,5,3-10,est_ossl_util.h,0,negative,False
LibEST,RQ56,FR,heldout,244,5,3-10,est_proxy.c,1,positive,False
LibEST,RQ56,FR,heldout,244,5,3-10,est_client_proxy.h,0,negative,False
LibEST,RQ56,FR,heldout,245,5,3-10,est_server.c,1,positive,False
LibEST,RQ56,FR,heldout,245,5,3-10,est_server_http.c,0,negative,False
LibEST,RQ57,FR,heldout,246,7,3-10,est.c,1,positive,False
LibEST,RQ57,FR,heldout,246,7,3-10,est.h,0,negative,False
LibEST,RQ57,FR,heldout,247,7,3-10,est_client.c,1,positive,False
LibEST,RQ57,FR,heldout,247,7,3-10,est_server_http.c,0,negative,False
LibEST,RQ57,FR,heldout,248,7,3-10,est_client_http.c,1,positive,False
LibEST,RQ57,FR,heldout,248,7,3-10,est_client_proxy.h,0,negative,False
LibEST,RQ57,FR,heldout,249,7,3-10,est_locl.h,1,positive,False
LibEST,RQ57,FR,heldout,249,7,3-10,est_ossl_util.h,0,negative,False
LibEST,RQ57,FR,heldout,250,7,3-10,est_proxy.c,1,positive,False
LibEST,RQ57,FR,heldout,250,7,3-10,est_ossl_util.c,0,negative,False
LibEST,RQ57,FR,heldout,251,7,3-10,est_server.c,1,positive,False
LibEST,RQ57,FR,heldout,251,7,3-10,est_server_http.h,0,negative,False
LibEST,RQ57,FR,heldout,252,7,3-10,est_server.h,1,positive,False
LibEST,RQ57,FR,heldout,252,7,3-10,est_client_proxy.c,0,negative,False
LibEST,RQ58,FR,heldout,253,5,3-10,est.c,1,positive,False
LibEST,RQ58,FR,heldout,253,5,3-10,est_client_proxy.h,0,negative,False
LibEST,RQ58,FR,heldout,254,5,3-10,est_locl.h,1,positive,False
LibEST,RQ58,FR,heldout,254,5,3-10,est_server_http.h,0,negative,False
LibEST,RQ58,FR,heldout,255,5,3-10,est_proxy.c,1,positive,False
LibEST,RQ58,FR,heldout,255,5,3-10,est_ossl_util.c,0,negative,False
LibEST,RQ58,FR,heldout,256,5,3-10,est_server.c,1,positive,False
LibEST,RQ58,FR,heldout,256,5,3-10,est_client_proxy.c,0,negative,False
LibEST,RQ58,FR,heldout,257,5,3-10,est_server.h,1,positive,False
LibEST,RQ58,FR,heldout,257,5,3-10,est_client_http.c,0,negative,False
LibEST,RQ6-1,FR,validation,258,1,1-2,est_client.c,1,positive,False
LibEST,RQ6-1,FR,validation,258,1,1-2,est_proxy.c,0,negative,False
LibEST,RQ6-2,NFR,heldout,259,1,1-2,est_client.c,1,positive,False
LibEST,RQ6-2,NFR,heldout,259,1,1-2,est_client_proxy.h,0,negative,False
LibEST,RQ7-1,FR,validation,260,2,1-2,est_client.c,1,positive,False
LibEST,RQ7-1,FR,validation,260,2,1-2,est_server_http.c,0,negative,False
LibEST,RQ7-1,FR,validation,261,2,1-2,est_server.c,1,positive,False
LibEST,RQ7-1,FR,validation,261,2,1-2,est.h,0,negative,False
LibEST,RQ7-2,NFR,heldout,262,2,1-2,est_client.c,1,positive,False
LibEST,RQ7-2,NFR,heldout,262,2,1-2,est.c,0,negative,False
LibEST,RQ7-2,NFR,heldout,263,2,1-2,est_server.c,1,positive,False
LibEST,RQ7-2,NFR,heldout,263,2,1-2,est_server_http.h,0,negative,False
LibEST,RQ8-1,FR,heldout,264,8,3-10,est.c,1,positive,False
LibEST,RQ8-1,FR,heldout,264,8,3-10,est_ossl_util.c,0,negative,False
LibEST,RQ8-1,FR,heldout,265,8,3-10,est_client.c,1,positive,False
LibEST,RQ8-1,FR,heldout,265,8,3-10,est_proxy.c,0,negative,False
LibEST,RQ8-1,FR,heldout,266,8,3-10,est_client_http.c,1,positive,False
LibEST,RQ8-1,FR,heldout,266,8,3-10,est_client_proxy.c,0,negative,False
LibEST,RQ8-1,FR,heldout,267,8,3-10,est_locl.h,1,positive,False
LibEST,RQ8-1,FR,heldout,267,8,3-10,est.h,0,negative,False
LibEST,RQ8-1,FR,heldout,268,8,3-10,est_server.c,1,positive,False
LibEST,RQ8-1,FR,heldout,268,8,3-10,est_client_proxy.h,0,negative,False
LibEST,RQ8-1,FR,heldout,269,8,3-10,est_server.h,1,positive,False
LibEST,RQ8-1,FR,heldout,269,8,3-10,est_ossl_util.h,0,negative,False
LibEST,RQ8-1,FR,heldout,270,8,3-10,est_server_http.c,1,positive,False
LibEST,RQ8-1,FR,heldout,270,8,3-10,est_ossl_util.h,0,negative,True
LibEST,RQ8-1,FR,heldout,271,8,3-10,est_server_http.h,1,positive,False
LibEST,RQ8-1,FR,heldout,271,8,3-10,est_client_proxy.c,0,negative,True
LibEST,RQ8-2,NFR,heldout,272,8,3-10,est.c,1,positive,False
LibEST,RQ8-2,NFR,heldout,272,8,3-10,est_client_proxy.c,0,negative,False
LibEST,RQ8-2,NFR,heldout,273,8,3-10,est_client.c,1,positive,False
LibEST,RQ8-2,NFR,heldout,273,8,3-10,est_proxy.c,0,negative,False
LibEST,RQ8-2,NFR,heldout,274,8,3-10,est_client_http.c,1,positive,False
LibEST,RQ8-2,NFR,heldout,274,8,3-10,est_ossl_util.c,0,negative,False
LibEST,RQ8-2,NFR,heldout,275,8,3-10,est_locl.h,1,positive,False
LibEST,RQ8-2,NFR,heldout,275,8,3-10,est.h,0,negative,False
LibEST,RQ8-2,NFR,heldout,276,8,3-10,est_server.c,1,positive,False
LibEST,RQ8-2,NFR,heldout,276,8,3-10,est_client_proxy.h,0,negative,False
LibEST,RQ8-2,NFR,heldout,277,8,3-10,est_server.h,1,positive,False
LibEST,RQ8-2,NFR,heldout,277,8,3-10,est_ossl_util.h,0,negative,False
LibEST,RQ8-2,NFR,heldout,278,8,3-10,est_server_http.c,1,positive,False
LibEST,RQ8-2,NFR,heldout,278,8,3-10,est_ossl_util.h,0,negative,True
LibEST,RQ8-2,NFR,heldout,279,8,3-10,est_server_http.h,1,positive,False
LibEST,RQ8-2,NFR,heldout,279,8,3-10,est_ossl_util.c,0,negative,True
LibEST,RQ9-1,FR,heldout,280,1,1-2,est_client.c,1,positive,False
LibEST,RQ9-1,FR,heldout,280,1,1-2,est_client_http.c,0,negative,False
LibEST,RQ9-2,NFR,heldout,281,1,1-2,est_client.c,1,positive,False
LibEST,RQ9-2,NFR,heldout,281,1,1-2,est_client_http.c,0,negative,False
